{
  "_schema_version": 4,
  "subtask": "open",
  "target": "link:articulation-0/top_door",
  "members": {
    "link:articulation-0/top_door": {
      "roles": [
        "interacted"
      ],
      "interaction_types": [
        "contact"
      ],
      "kind": "link",
      "name": "top_door",
      "interaction_rollouts": 30
    },
    "link:fridge-0/body": {
      "roles": [
        "interacted"
      ],
      "interaction_types": [
        "contact"
      ],
      "kind": "link",
      "name": "body",
      "interaction_rollouts": 4
    }
  },
  "bin_edges": {
    "grasp-compatibility": [
      0.3333333333333333,
      0.6666666666666666
    ],
    "contact-compatibility": [
      0.3333333333333333,
      0.6666666666666666
    ],
    "support-compatibility": [
      0.3333333333333333,
      0.6666666666666666
    ],
    "contain-compatibility": [
      0.3333333333333333,
      0.6666666666666666
    ],
    "planar-distance": [
      0.29252663286510827,
      0.5850532657302165
    ],
    "height-offset": [
      -0.09074993928273518,
      0.09074993928273518
    ],
    "planar-distance-change": [
      -0.08920922838834303,
      -0.02973640946278101,
      0.02973640946278101,
      0.08920922838834303
    ],
    "height-offset-change": [
      -0.047257690429687506,
      -0.015752563476562502,
      0.015752563476562502,
      0.047257690429687506
    ]
  },
  "bin_stats_robust": {
    "planar_distance": 0.8775798985953248,
    "height_offset": 0.27224981784820557,
    "planar_distance_change": 0.14868204731390505,
    "height_offset_change": 0.0787628173828125
  },
  "bin_stats_observed": {
    "planar_distance": 1.2011733767968429,
    "height_offset": 0.36643075942993164,
    "planar_distance_change": 0.3215851074430478,
    "height_offset_change": 0.13283419609069824
  },
  "_n_successful_rollouts": 30
}