{
  "_schema_version": 4,
  "subtask": "pick",
  "target": "actor:024_bowl",
  "members": {
    "actor:024_bowl": {
      "roles": [
        "interacted"
      ],
      "interaction_types": [
        "contact",
        "grasp"
      ],
      "kind": "actor",
      "name": "obj_0",
      "interaction_rollouts": 30
    }
  },
  "bin_edges": {
    "grasp-compatibility": [
      0.3333333333333333,
      0.6666666666666666
    ],
    "contact-compatibility": [
      0.3333333333333333,
      0.6666666666666666
    ],
    "support-compatibility": [
      0.3333333333333333,
      0.6666666666666666
    ],
    "contain-compatibility": [
      0.3333333333333333,
      0.6666666666666666
    ],
    "planar-distance": [
      0.23998317001885364,
      0.4799663400377073
    ],
    "height-offset": [
      -0.028388182322184246,
      0.028388182322184246
    ],
    "planar-distance-change": [
      -0.20153527390767287,
      -0.06717842463589097,
      0.06717842463589097,
      0.20153527390767287
    ],
    "height-offset-change": [
      -0.050019586086273195,
      -0.016673195362091064,
      0.016673195362091064,
      0.050019586086273195
    ]
  },
  "bin_stats_robust": {
    "planar_distance": 0.7199495100565609,
    "height_offset": 0.08516454696655273,
    "planar_distance_change": 0.3358921231794548,
    "height_offset_change": 0.08336597681045532
  },
  "bin_stats_observed": {
    "planar_distance": 1.3645391869448482,
    "height_offset": 0.34204262495040894,
    "planar_distance_change": 0.4320024419294991,
    "height_offset_change": 0.19115817546844482
  },
  "_n_successful_rollouts": 30
}