{
  "_schema_version": 3,
  "subtask": "pick",
  "target": "actor:013_apple",
  "members": {
    "actor:003_cracker_box": {
      "roles": [
        "support"
      ],
      "interaction_types": [],
      "kind": "actor",
      "name": "env-7_003_cracker_box-0",
      "support_rollouts": 4,
      "supports": [
        "actor:013_apple"
      ]
    },
    "actor:013_apple": {
      "roles": [
        "interacted"
      ],
      "interaction_types": [
        "contact",
        "grasp"
      ],
      "kind": "actor",
      "name": "obj_0",
      "interaction_rollouts": 24
    }
  },
  "bin_edges": {
    "grasp-compatibility": [
      0.3333333333333333,
      0.6666666666666666
    ],
    "contact-compatibility": [
      0.3333333333333333,
      0.6666666666666666
    ],
    "planar-distance": [
      0.1197295800759922,
      0.2394591601519844
    ],
    "height-offset": [
      -0.07961092789967855,
      0.07961092789967855
    ]
  },
  "bin_stats_robust": {
    "height_offset": 0.23883278369903566,
    "planar_distance": 0.3591887402279766
  },
  "bin_stats_observed": {
    "height_offset": 0.2621530294418335,
    "planar_distance": 0.4584422003999924
  },
  "compat_norm": {
    "pos": 0.1,
    "orient": 1.5707963267948966,
    "width": 0.04
  },
  "_n_successful_rollouts": 30
}