{
  "_schema_version": 4,
  "subtask": "pick",
  "target": "actor:013_apple",
  "members": {
    "actor:013_apple": {
      "roles": [
        "interacted",
        "support"
      ],
      "interaction_types": [
        "contact",
        "grasp",
        "support"
      ],
      "kind": "actor",
      "name": "obj_0",
      "interaction_rollouts": 30,
      "support_rollouts": 4,
      "supports": [
        "link:fridge-0/body"
      ]
    },
    "link:fridge-0/body": {
      "roles": [
        "interacted",
        "support"
      ],
      "interaction_types": [
        "contact",
        "support"
      ],
      "kind": "link",
      "name": "body",
      "interaction_rollouts": 4,
      "support_rollouts": 5,
      "supports": [
        "actor:013_apple"
      ]
    }
  },
  "bin_edges": {
    "grasp-compatibility": [
      0.3333333333333333,
      0.6666666666666666
    ],
    "contact-compatibility": [
      0.3333333333333333,
      0.6666666666666666
    ],
    "support-compatibility": [
      0.3333333333333333,
      0.6666666666666666
    ],
    "contain-compatibility": [
      0.3333333333333333,
      0.6666666666666666
    ],
    "planar-distance": [
      0.14221722882054005,
      0.2844344576410801,
      0.4266516864616201,
      0.5688689152821602
    ],
    "height-offset": [
      -0.024518408775329608,
      -0.008172802925109869,
      0.008172802925109869,
      0.024518408775329608
    ],
    "planar-distance-change": [
      -0.199191331669953,
      -0.0331985552783255,
      0.0331985552783255,
      0.199191331669953
    ],
    "height-offset-change": [
      -0.022869529724121096,
      -0.003811588287353516,
      0.003811588287353516,
      0.022869529724121096
    ]
  },
  "bin_stats_robust": {
    "planar_distance": 0.7110861441027002,
    "height_offset": 0.040864014625549346,
    "planar_distance_change": 0.331985552783255,
    "height_offset_change": 0.03811588287353516
  },
  "bin_stats_observed": {
    "planar_distance": 1.5192301846109721,
    "height_offset": 0.11792242527008057,
    "planar_distance_change": 0.4264508688848053,
    "height_offset_change": 0.11158227920532227
  },
  "_n_successful_rollouts": 30
}
