{
  "_schema_version": 4,
  "subtask": "pick",
  "target": "actor:010_potted_meat_can",
  "members": {
    "actor:010_potted_meat_can": {
      "roles": [
        "interacted"
      ],
      "interaction_types": [
        "contact",
        "grasp"
      ],
      "kind": "actor",
      "name": "obj_0",
      "interaction_rollouts": 30
    }
  },
  "bin_edges": {
    "grasp-compatibility": [
      0.3333333333333333,
      0.6666666666666666
    ],
    "contact-compatibility": [
      0.3333333333333333,
      0.6666666666666666
    ],
    "support-compatibility": [
      0.3333333333333333,
      0.6666666666666666
    ],
    "contain-compatibility": [
      0.3333333333333333,
      0.6666666666666666
    ],
    "planar-distance": [
      0.2214305454948208,
      0.4428610909896416
    ],
    "height-offset": [
      -0.018100440502166748,
      0.018100440502166748
    ],
    "planar-distance-change": [
      -0.5353036577055024,
      -0.1784345525685008,
      0.1784345525685008,
      0.5353036577055024
    ],
    "height-offset-change": [
      -0.07316461801528931,
      -0.024388206005096436,
      0.024388206005096436,
      0.07316461801528931
    ]
  },
  "bin_stats_robust": {
    "planar_distance": 0.6642916364844624,
    "height_offset": 0.054301321506500244,
    "planar_distance_change": 0.892172762842504,
    "height_offset_change": 0.12194103002548218
  },
  "bin_stats_observed": {
    "planar_distance": 1.4921979138322776,
    "height_offset": 0.1619497537612915,
    "planar_distance_change": 1.4685362642558615,
    "height_offset_change": 0.156316876411438
  },
  "_n_successful_rollouts": 30
}