{
  "_schema_version": 4,
  "subtask": "pick",
  "target": "actor:005_tomato_soup_can",
  "members": {
    "actor:005_tomato_soup_can": {
      "roles": [
        "interacted"
      ],
      "interaction_types": [
        "contact",
        "grasp"
      ],
      "kind": "actor",
      "name": "obj_0",
      "interaction_rollouts": 24
    }
  },
  "bin_edges": {
    "grasp-compatibility": [
      0.3333333333333333,
      0.6666666666666666
    ],
    "contact-compatibility": [
      0.3333333333333333,
      0.6666666666666666
    ],
    "support-compatibility": [
      0.3333333333333333,
      0.6666666666666666
    ],
    "contain-compatibility": [
      0.3333333333333333,
      0.6666666666666666
    ],
    "planar-distance": [
      0.00962870490156964,
      0.01925740980313928
    ],
    "height-offset": [
      -0.014809636274973552,
      0.014809636274973552
    ]
  },
  "bin_stats_robust": {
    "planar_distance": 0.02888611470470892,
    "height_offset": 0.044428908824920656
  },
  "bin_stats_observed": {
    "planar_distance": 0.03458297690182677,
    "height_offset": 0.047275543212890625
  },
  "_n_successful_rollouts": 30
}