{
  "_schema_version": 3,
  "subtask": "pick",
  "target": "actor:004_sugar_box",
  "members": {
    "actor:004_sugar_box": {
      "roles": [
        "interacted"
      ],
      "interaction_types": [
        "contact",
        "grasp"
      ],
      "kind": "actor",
      "name": "obj_0",
      "interaction_rollouts": 22
    }
  },
  "bin_edges": {
    "grasp-compatibility": [
      0.3333333333333333,
      0.6666666666666666
    ],
    "contact-compatibility": [
      0.3333333333333333,
      0.6666666666666666
    ],
    "planar-distance": [
      3.0025113363267413,
      6.0050226726534826
    ],
    "height-offset": [
      -0.4340153932571411,
      0.4340153932571411
    ]
  },
  "bin_stats_observed": {
    "planar_distance": 9.007534008980224,
    "height_offset": 1.3020461797714233
  },
  "compat_norm": {
    "pos": 0.1,
    "orient": 1.5707963267948966,
    "width": 0.04
  },
  "_n_successful_rollouts": 30
}