{
  "_schema_version": 4,
  "subtask": "pick",
  "target": "actor:009_gelatin_box",
  "members": {
    "actor:009_gelatin_box": {
      "roles": [
        "interacted"
      ],
      "interaction_types": [
        "contact",
        "grasp"
      ],
      "kind": "actor",
      "name": "obj_0",
      "interaction_rollouts": 26
    }
  },
  "bin_edges": {
    "grasp-compatibility": [
      0.3333333333333333,
      0.6666666666666666
    ],
    "contact-compatibility": [
      0.3333333333333333,
      0.6666666666666666
    ],
    "support-compatibility": [
      0.3333333333333333,
      0.6666666666666666
    ],
    "contain-compatibility": [
      0.3333333333333333,
      0.6666666666666666
    ],
    "planar-distance": [
      0.010712498359216886,
      0.021424996718433773
    ],
    "height-offset": [
      -0.013845562934875488,
      0.013845562934875488
    ]
  },
  "bin_stats_robust": {
    "planar_distance": 0.03213749507765066,
    "height_offset": 0.041536688804626465
  },
  "bin_stats_observed": {
    "planar_distance": 0.03692123949878612,
    "height_offset": 0.05079221725463867
  },
  "_n_successful_rollouts": 30
}