{
  "_schema_version": 3,
  "subtask": "pick",
  "target": "actor:009_gelatin_box",
  "members": {
    "actor:009_gelatin_box": {
      "roles": [
        "interacted"
      ],
      "interaction_types": [
        "contact",
        "grasp"
      ],
      "kind": "actor",
      "name": "obj_0",
      "interaction_rollouts": 26
    }
  },
  "bin_edges": {
    "grasp-compatibility": [
      0.3333333333333333,
      0.6666666666666666
    ],
    "contact-compatibility": [
      0.3333333333333333,
      0.6666666666666666
    ],
    "planar-distance": [
      0.010110846280903881,
      0.020221692561807763
    ],
    "height-offset": [
      -0.010659734408060709,
      0.010659734408060709
    ]
  },
  "bin_stats_robust": {
    "height_offset": 0.03197920322418213,
    "planar_distance": 0.030332538842711646
  },
  "bin_stats_observed": {
    "height_offset": 0.04342222213745117,
    "planar_distance": 0.03483583287311427
  },
  "compat_norm": {
    "pos": 0.1,
    "orient": 1.5707963267948966,
    "width": 0.04
  },
  "_n_successful_rollouts": 30
}