{
  "_schema_version": 4,
  "subtask": "pick",
  "target": "actor:003_cracker_box",
  "members": {
    "actor:003_cracker_box": {
      "roles": [
        "interacted"
      ],
      "interaction_types": [
        "contact",
        "grasp"
      ],
      "kind": "actor",
      "name": "obj_0",
      "interaction_rollouts": 31
    }
  },
  "bin_edges": {
    "grasp-compatibility": [
      0.3333333333333333,
      0.6666666666666666
    ],
    "contact-compatibility": [
      0.3333333333333333,
      0.6666666666666666
    ],
    "support-compatibility": [
      0.3333333333333333,
      0.6666666666666666
    ],
    "contain-compatibility": [
      0.3333333333333333,
      0.6666666666666666
    ],
    "planar-distance": [
      0.12404756089008302,
      0.24809512178016604,
      0.3721426826702491,
      0.4961902435603321
    ],
    "height-offset": [
      -0.10956040620803834,
      -0.03652013540267944,
      0.03652013540267944,
      0.10956040620803834
    ],
    "planar-distance-change": [
      -0.5251573450007908,
      -0.08752622416679846,
      0.08752622416679846,
      0.5251573450007908
    ],
    "height-offset-change": [
      -0.08021939992904663,
      -0.01336989998817444,
      0.01336989998817444,
      0.08021939992904663
    ]
  },
  "bin_stats_robust": {
    "planar_distance": 0.6202378044504151,
    "height_offset": 0.18260067701339722,
    "planar_distance_change": 0.8752622416679846,
    "height_offset_change": 0.13369899988174438
  },
  "bin_stats_observed": {
    "planar_distance": 1.3564977813234063,
    "height_offset": 0.33028680086135864,
    "planar_distance_change": 1.3385910117115651,
    "height_offset_change": 0.2440597414970398
  },
  "_n_successful_rollouts": 31
}
