{
  "_schema_version": 3,
  "subtask": "pick",
  "target": "actor:004_sugar_box",
  "members": {
    "actor:004_sugar_box": {
      "roles": [
        "interacted"
      ],
      "interaction_types": [
        "contact",
        "grasp"
      ],
      "kind": "actor",
      "name": "obj_0",
      "interaction_rollouts": 22
    }
  },
  "bin_edges": {
    "grasp-compatibility": [
      0.3333333333333333,
      0.6666666666666666
    ],
    "contact-compatibility": [
      0.3333333333333333,
      0.6666666666666666
    ],
    "planar-distance": [
      0.02222845501418778,
      0.04445691002837556
    ],
    "height-offset": [
      -0.015635681152343758,
      0.015635681152343758
    ]
  },
  "bin_stats_robust": {
    "height_offset": 0.04690704345703127,
    "planar_distance": 0.06668536504256334
  },
  "bin_stats_observed": {
    "height_offset": 0.05641531944274902,
    "planar_distance": 0.06874617549710911
  },
  "compat_norm": {
    "pos": 0.1,
    "orient": 1.5707963267948966,
    "width": 0.04
  },
  "_n_successful_rollouts": 30
}