{
  "_schema_version": 3,
  "subtask": "pick",
  "target": "actor:009_gelatin_box",
  "members": {
    "actor:009_gelatin_box": {
      "roles": [
        "interacted"
      ],
      "interaction_types": [
        "contact",
        "grasp"
      ],
      "kind": "actor",
      "name": "obj_0",
      "interaction_rollouts": 24
    }
  },
  "bin_edges": {
    "grasp-compatibility": [
      0.3333333333333333,
      0.6666666666666666
    ],
    "contact-compatibility": [
      0.3333333333333333,
      0.6666666666666666
    ],
    "planar-distance": [
      3.879738150290813,
      7.759476300581626
    ],
    "height-offset": [
      -0.4375549952189128,
      0.4375549952189128
    ]
  },
  "bin_stats_observed": {
    "planar_distance": 11.639214450872439,
    "height_offset": 1.3126649856567383
  },
  "compat_norm": {
    "pos": 0.1,
    "orient": 1.5707963267948966,
    "width": 0.04
  },
  "_n_successful_rollouts": 30
}