{
  "_schema_version": 4,
  "subtask": "pick",
  "target": "actor:010_potted_meat_can",
  "members": {
    "actor:010_potted_meat_can": {
      "roles": [
        "interacted"
      ],
      "interaction_types": [
        "contact",
        "grasp",
        "support"
      ],
      "kind": "actor",
      "name": "obj_0",
      "interaction_rollouts": 30
    },
    "link:fridge-0/body": {
      "roles": [
        "support"
      ],
      "interaction_types": [
        "support"
      ],
      "kind": "link",
      "name": "body",
      "support_rollouts": 11,
      "supports": [
        "actor:010_potted_meat_can"
      ]
    },
    "link:fridge-0/top_door": {
      "roles": [
        "support"
      ],
      "interaction_types": [
        "support"
      ],
      "kind": "link",
      "name": "top_door",
      "support_rollouts": 6,
      "supports": [
        "actor:010_potted_meat_can"
      ]
    }
  },
  "bin_edges": {
    "grasp-compatibility": [
      0.3333333333333333,
      0.6666666666666666
    ],
    "contact-compatibility": [
      0.3333333333333333,
      0.6666666666666666
    ],
    "support-compatibility": [
      0.3333333333333333,
      0.6666666666666666
    ],
    "contain-compatibility": [
      0.3333333333333333,
      0.6666666666666666
    ],
    "planar-distance": [
      0.2547379932625628,
      0.5094759865251256
    ],
    "height-offset": [
      -0.10248433748881021,
      0.10248433748881021
    ],
    "planar-distance-change": [
      -0.5460449556731816,
      -0.18201498522439385,
      0.18201498522439385,
      0.5460449556731816
    ],
    "height-offset-change": [
      -0.05887239217758179,
      -0.019624130725860597,
      0.019624130725860597,
      0.05887239217758179
    ]
  },
  "bin_stats_robust": {
    "planar_distance": 0.7642139797876885,
    "height_offset": 0.30745301246643064,
    "planar_distance_change": 0.9100749261219693,
    "height_offset_change": 0.09812065362930299
  },
  "bin_stats_observed": {
    "planar_distance": 1.492222424933869,
    "height_offset": 0.3492097854614258,
    "planar_distance_change": 1.4661879898579664,
    "height_offset_change": 0.21729552745819092
  },
  "_n_successful_rollouts": 30
}