{
  "_schema_version": 4,
  "subtask": "pick",
  "target": "actor:004_sugar_box",
  "members": {
    "actor:004_sugar_box": {
      "roles": [
        "interacted"
      ],
      "interaction_types": [
        "contact",
        "grasp"
      ],
      "kind": "actor",
      "name": "obj_0",
      "interaction_rollouts": 30
    }
  },
  "bin_edges": {
    "grasp-compatibility": [
      0.3333333333333333,
      0.6666666666666666
    ],
    "contact-compatibility": [
      0.3333333333333333,
      0.6666666666666666
    ],
    "support-compatibility": [
      0.3333333333333333,
      0.6666666666666666
    ],
    "contain-compatibility": [
      0.3333333333333333,
      0.6666666666666666
    ],
    "planar-distance": [
      0.1726812773899328,
      0.3453625547798656
    ],
    "height-offset": [
      -0.020432511965433758,
      0.020432511965433758
    ],
    "planar-distance-change": [
      -0.41951850491366616,
      -0.1398395016378887,
      0.1398395016378887,
      0.41951850491366616
    ],
    "height-offset-change": [
      -0.04414970397949218,
      -0.014716567993164061,
      0.014716567993164061,
      0.04414970397949218
    ]
  },
  "bin_stats_robust": {
    "planar_distance": 0.5180438321697984,
    "height_offset": 0.061297535896301276,
    "planar_distance_change": 0.6991975081894435,
    "height_offset_change": 0.07358283996582031
  },
  "bin_stats_observed": {
    "planar_distance": 1.285527424945653,
    "height_offset": 0.29820865392684937,
    "planar_distance_change": 1.2211993735082016,
    "height_offset_change": 0.28786951303482056
  },
  "_n_successful_rollouts": 30
}