{
  "_schema_version": 4,
  "subtask": "pick",
  "target": "actor:005_tomato_soup_can",
  "members": {
    "actor:005_tomato_soup_can": {
      "roles": [
        "interacted"
      ],
      "interaction_types": [
        "contact",
        "grasp"
      ],
      "kind": "actor",
      "name": "obj_0",
      "interaction_rollouts": 30
    }
  },
  "bin_edges": {
    "grasp-compatibility": [
      0.3333333333333333,
      0.6666666666666666
    ],
    "contact-compatibility": [
      0.3333333333333333,
      0.6666666666666666
    ],
    "support-compatibility": [
      0.3333333333333333,
      0.6666666666666666
    ],
    "contain-compatibility": [
      0.3333333333333333,
      0.6666666666666666
    ],
    "planar-distance": [
      0.14073960044445716,
      0.2814792008889143,
      0.4222188013333715,
      0.5629584017778286
    ],
    "height-offset": [
      -0.1668788194656372,
      -0.0556262731552124,
      0.0556262731552124,
      0.1668788194656372
    ],
    "planar-distance-change": [
      -0.5968209812958476,
      -0.09947016354930792,
      0.09947016354930792,
      0.5968209812958476
    ],
    "height-offset-change": [
      -0.17407885551452634,
      -0.02901314258575439,
      0.02901314258575439,
      0.17407885551452634
    ]
  },
  "bin_stats_robust": {
    "planar_distance": 0.7036980022222857,
    "height_offset": 0.278131365776062,
    "planar_distance_change": 0.9947016354930792,
    "height_offset_change": 0.2901314258575439
  },
  "bin_stats_observed": {
    "planar_distance": 1.5061217558091147,
    "height_offset": 0.37585949897766113,
    "planar_distance_change": 1.2897457814824087,
    "height_offset_change": 0.3384666442871094
  },
  "_n_successful_rollouts": 30
}
