{
  "_schema_version": 3,
  "subtask": "pick",
  "target": "actor:010_potted_meat_can",
  "members": {
    "actor:010_potted_meat_can": {
      "roles": [
        "interacted"
      ],
      "interaction_types": [
        "contact",
        "grasp"
      ],
      "kind": "actor",
      "name": "obj_0",
      "interaction_rollouts": 19
    }
  },
  "bin_edges": {
    "grasp-compatibility": [
      0.3333333333333333,
      0.6666666666666666
    ],
    "contact-compatibility": [
      0.3333333333333333,
      0.6666666666666666
    ],
    "planar-distance": [
      2.98709413133856,
      5.97418826267712
    ],
    "height-offset": [
      -0.4300173918406169,
      0.4300173918406169
    ]
  },
  "bin_stats_observed": {
    "planar_distance": 8.96128239401568,
    "height_offset": 1.2900521755218506
  },
  "compat_norm": {
    "pos": 0.1,
    "orient": 1.5707963267948966,
    "width": 0.04
  },
  "_n_successful_rollouts": 30
}