{
  "_schema_version": 3,
  "subtask": "pick",
  "target": "actor:007_tuna_fish_can",
  "members": {
    "actor:007_tuna_fish_can": {
      "roles": [
        "interacted"
      ],
      "interaction_types": [
        "contact",
        "grasp"
      ],
      "kind": "actor",
      "name": "obj_0",
      "interaction_rollouts": 24
    },
    "link:scs-[4,5]_fridge-0/body": {
      "roles": [
        "support"
      ],
      "interaction_types": [],
      "kind": "link",
      "name": "body",
      "support_rollouts": 4,
      "supports": [
        "actor:007_tuna_fish_can"
      ]
    }
  },
  "bin_edges": {
    "grasp-compatibility": [
      0.3333333333333333,
      0.6666666666666666
    ],
    "contact-compatibility": [
      0.3333333333333333,
      0.6666666666666666
    ],
    "planar-distance": [
      0.13051268653859394,
      0.26102537307718787
    ],
    "height-offset": [
      -0.08557846546173097,
      0.08557846546173097
    ]
  },
  "bin_stats_robust": {
    "height_offset": 0.2567353963851929,
    "planar_distance": 0.3915380596157818
  },
  "bin_stats_observed": {
    "height_offset": 0.2721139192581177,
    "planar_distance": 0.6872978429920362
  },
  "compat_norm": {
    "pos": 0.1,
    "orient": 1.5707963267948966,
    "width": 0.04
  },
  "_n_successful_rollouts": 30
}