{
  "_schema_version": 3,
  "subtask": "pick",
  "target": "actor:008_pudding_box",
  "members": {
    "actor:008_pudding_box": {
      "roles": [
        "interacted"
      ],
      "interaction_types": [
        "contact",
        "grasp"
      ],
      "kind": "actor",
      "name": "obj_0",
      "interaction_rollouts": 24
    }
  },
  "bin_edges": {
    "grasp-compatibility": [
      0.3333333333333333,
      0.6666666666666666
    ],
    "contact-compatibility": [
      0.3333333333333333,
      0.6666666666666666
    ],
    "planar-distance": [
      0.0090133484465001,
      0.0180266968930002
    ],
    "height-offset": [
      -0.009155933062235515,
      0.009155933062235515
    ]
  },
  "bin_stats_robust": {
    "height_offset": 0.027467799186706544,
    "planar_distance": 0.027040045339500298
  },
  "bin_stats_observed": {
    "height_offset": 0.04454779624938965,
    "planar_distance": 0.04144106330714006
  },
  "compat_norm": {
    "pos": 0.1,
    "orient": 1.5707963267948966,
    "width": 0.04
  },
  "_n_successful_rollouts": 30
}