{
  "_schema_version": 4,
  "subtask": "pick",
  "target": "actor:010_potted_meat_can",
  "members": {
    "actor:010_potted_meat_can": {
      "roles": [
        "interacted"
      ],
      "interaction_types": [
        "contact",
        "grasp"
      ],
      "kind": "actor",
      "name": "obj_0",
      "interaction_rollouts": 30
    }
  },
  "bin_edges": {
    "grasp-compatibility": [
      0.3333333333333333,
      0.6666666666666666
    ],
    "contact-compatibility": [
      0.3333333333333333,
      0.6666666666666666
    ],
    "support-compatibility": [
      0.3333333333333333,
      0.6666666666666666
    ],
    "contain-compatibility": [
      0.3333333333333333,
      0.6666666666666666
    ],
    "planar-distance": [
      0.13285832729689248,
      0.26571665459378496,
      0.39857498189067747,
      0.5314333091875699
    ],
    "height-offset": [
      -0.032580792903900146,
      -0.010860264301300049,
      0.010860264301300049,
      0.032580792903900146
    ],
    "planar-distance-change": [
      -0.5353036577055024,
      -0.0892172762842504,
      0.0892172762842504,
      0.5353036577055024
    ],
    "height-offset-change": [
      -0.07316461801528931,
      -0.012194103002548218,
      0.012194103002548218,
      0.07316461801528931
    ]
  },
  "bin_stats_robust": {
    "planar_distance": 0.6642916364844624,
    "height_offset": 0.054301321506500244,
    "planar_distance_change": 0.892172762842504,
    "height_offset_change": 0.12194103002548218
  },
  "bin_stats_observed": {
    "planar_distance": 1.4921979138322776,
    "height_offset": 0.1619497537612915,
    "planar_distance_change": 1.4685362642558615,
    "height_offset_change": 0.156316876411438
  },
  "_n_successful_rollouts": 30
}
