{
  "_schema_version": 4,
  "subtask": "pick",
  "target": "actor:024_bowl",
  "members": {
    "actor:024_bowl": {
      "roles": [
        "interacted"
      ],
      "interaction_types": [
        "contact",
        "grasp"
      ],
      "kind": "actor",
      "name": "obj_0",
      "interaction_rollouts": 24
    }
  },
  "bin_edges": {
    "grasp-compatibility": [
      0.3333333333333333,
      0.6666666666666666
    ],
    "contact-compatibility": [
      0.3333333333333333,
      0.6666666666666666
    ],
    "support-compatibility": [
      0.3333333333333333,
      0.6666666666666666
    ],
    "contain-compatibility": [
      0.3333333333333333,
      0.6666666666666666
    ],
    "planar-distance": [
      0.023619448620026004,
      0.04723889724005201
    ],
    "height-offset": [
      -0.018192708492279053,
      0.018192708492279053
    ]
  },
  "bin_stats_robust": {
    "planar_distance": 0.07085834586007801,
    "height_offset": 0.05457812547683716
  },
  "bin_stats_observed": {
    "planar_distance": 0.07303265613633893,
    "height_offset": 0.06829249858856201
  },
  "_n_successful_rollouts": 30
}