{
  "_schema_version": 4,
  "subtask": "pick",
  "target": "actor:013_apple",
  "members": {
    "actor:013_apple": {
      "roles": [
        "interacted"
      ],
      "interaction_types": [
        "contact",
        "grasp"
      ],
      "kind": "actor",
      "name": "obj_0",
      "interaction_rollouts": 30
    }
  },
  "bin_edges": {
    "grasp-compatibility": [
      0.3333333333333333,
      0.6666666666666666
    ],
    "contact-compatibility": [
      0.3333333333333333,
      0.6666666666666666
    ],
    "support-compatibility": [
      0.3333333333333333,
      0.6666666666666666
    ],
    "contain-compatibility": [
      0.3333333333333333,
      0.6666666666666666
    ],
    "planar-distance": [
      0.24817592551773696,
      0.4963518510354739
    ],
    "height-offset": [
      -0.017689228057861328,
      0.017689228057861328
    ],
    "planar-distance-change": [
      -0.5684207545832646,
      -0.18947358486108817,
      0.18947358486108817,
      0.5684207545832646
    ],
    "height-offset-change": [
      -0.0586898231506348,
      -0.01956327438354493,
      0.01956327438354493,
      0.0586898231506348
    ]
  },
  "bin_stats_robust": {
    "planar_distance": 0.7445277765532109,
    "height_offset": 0.053067684173583984,
    "planar_distance_change": 0.9473679243054409,
    "height_offset_change": 0.09781637191772466
  },
  "bin_stats_observed": {
    "planar_distance": 1.3457860965033905,
    "height_offset": 0.15971612930297852,
    "planar_distance_change": 1.337295836625484,
    "height_offset_change": 0.1694279909133911
  },
  "_n_successful_rollouts": 30
}