{
  "_schema_version": 4,
  "subtask": "pick",
  "target": "actor:008_pudding_box",
  "members": {
    "actor:008_pudding_box": {
      "roles": [
        "interacted"
      ],
      "interaction_types": [
        "contact",
        "grasp"
      ],
      "kind": "actor",
      "name": "obj_0",
      "interaction_rollouts": 30
    }
  },
  "bin_edges": {
    "grasp-compatibility": [
      0.3333333333333333,
      0.6666666666666666
    ],
    "contact-compatibility": [
      0.3333333333333333,
      0.6666666666666666
    ],
    "support-compatibility": [
      0.3333333333333333,
      0.6666666666666666
    ],
    "contain-compatibility": [
      0.3333333333333333,
      0.6666666666666666
    ],
    "planar-distance": [
      0.19562845752798808,
      0.39125691505597615
    ],
    "height-offset": [
      -0.09123588403066003,
      0.09123588403066003
    ],
    "planar-distance-change": [
      -0.4884710019305559,
      -0.1628236673101853,
      0.1628236673101853,
      0.4884710019305559
    ],
    "height-offset-change": [
      -0.19421973466873171,
      -0.0647399115562439,
      0.0647399115562439,
      0.19421973466873171
    ]
  },
  "bin_stats_robust": {
    "planar_distance": 0.5868853725839642,
    "height_offset": 0.2737076520919801,
    "planar_distance_change": 0.8141183365509265,
    "height_offset_change": 0.3236995577812195
  },
  "bin_stats_observed": {
    "planar_distance": 1.185330021518848,
    "height_offset": 0.4158022403717041,
    "planar_distance_change": 1.1754090981556995,
    "height_offset_change": 0.3963749408721924
  },
  "_n_successful_rollouts": 30
}