{
  "_schema_version": 4,
  "subtask": "pick",
  "target": "actor:002_master_chef_can",
  "members": {
    "actor:002_master_chef_can": {
      "roles": [
        "interacted"
      ],
      "interaction_types": [
        "contact",
        "grasp"
      ],
      "kind": "actor",
      "name": "obj_0",
      "interaction_rollouts": 30
    }
  },
  "bin_edges": {
    "grasp-compatibility": [
      0.3333333333333333,
      0.6666666666666666
    ],
    "contact-compatibility": [
      0.3333333333333333,
      0.6666666666666666
    ],
    "support-compatibility": [
      0.3333333333333333,
      0.6666666666666666
    ],
    "contain-compatibility": [
      0.3333333333333333,
      0.6666666666666666
    ],
    "planar-distance": [
      0.14319238037317633,
      0.28638476074635266,
      0.42957714111952905,
      0.5727695214927053
    ],
    "height-offset": [
      -0.10690443992614755,
      -0.03563481330871585,
      0.03563481330871585,
      0.10690443992614755
    ],
    "planar-distance-change": [
      -0.5545518281178751,
      -0.09242530468631252,
      0.09242530468631252,
      0.5545518281178751
    ],
    "height-offset-change": [
      -0.15121707558631897,
      -0.02520284593105316,
      0.02520284593105316,
      0.15121707558631897
    ]
  },
  "bin_stats_robust": {
    "planar_distance": 0.7159619018658817,
    "height_offset": 0.17817406654357926,
    "planar_distance_change": 0.9242530468631251,
    "height_offset_change": 0.2520284593105316
  },
  "bin_stats_observed": {
    "planar_distance": 1.2370302992015545,
    "height_offset": 0.35000336170196533,
    "planar_distance_change": 1.1992895881976016,
    "height_offset_change": 0.3232365846633911
  },
  "_n_successful_rollouts": 30
}
