{
  "_schema_version": 4,
  "subtask": "pick",
  "target": "actor:013_apple",
  "members": {
    "actor:013_apple": {
      "roles": [
        "interacted"
      ],
      "interaction_types": [
        "contact",
        "grasp"
      ],
      "kind": "actor",
      "name": "obj_0",
      "interaction_rollouts": 24
    }
  },
  "bin_edges": {
    "grasp-compatibility": [
      0.3333333333333333,
      0.6666666666666666
    ],
    "contact-compatibility": [
      0.3333333333333333,
      0.6666666666666666
    ],
    "support-compatibility": [
      0.3333333333333333,
      0.6666666666666666
    ],
    "contain-compatibility": [
      0.3333333333333333,
      0.6666666666666666
    ],
    "planar-distance": [
      0.009104950882873032,
      0.018209901765746064
    ],
    "height-offset": [
      -0.008882462978363035,
      0.008882462978363035
    ]
  },
  "bin_stats_robust": {
    "planar_distance": 0.027314852648619097,
    "height_offset": 0.026647388935089108
  },
  "bin_stats_observed": {
    "planar_distance": 0.0393858441209583,
    "height_offset": 0.0340195894241333
  },
  "_n_successful_rollouts": 30
}