{
  "_schema_version": 4,
  "subtask": "pick",
  "target": "actor:004_sugar_box",
  "members": {
    "actor:004_sugar_box": {
      "roles": [
        "interacted"
      ],
      "interaction_types": [
        "contact",
        "grasp"
      ],
      "kind": "actor",
      "name": "obj_0",
      "interaction_rollouts": 30
    }
  },
  "bin_edges": {
    "grasp-compatibility": [
      0.3333333333333333,
      0.6666666666666666
    ],
    "contact-compatibility": [
      0.3333333333333333,
      0.6666666666666666
    ],
    "support-compatibility": [
      0.3333333333333333,
      0.6666666666666666
    ],
    "contain-compatibility": [
      0.3333333333333333,
      0.6666666666666666
    ],
    "planar-distance": [
      0.10470718656132125,
      0.2094143731226425,
      0.31412155968396377,
      0.418828746245285
    ],
    "height-offset": [
      -0.04305562019348144,
      -0.014351873397827147,
      0.014351873397827147,
      0.04305562019348144
    ],
    "planar-distance-change": [
      -0.4303110824147131,
      -0.07171851373578553,
      0.07171851373578553,
      0.4303110824147131
    ],
    "height-offset-change": [
      -0.04790107727050782,
      -0.00798351287841797,
      0.00798351287841797,
      0.04790107727050782
    ]
  },
  "bin_stats_robust": {
    "planar_distance": 0.5235359328066063,
    "height_offset": 0.07175936698913574,
    "planar_distance_change": 0.7171851373578553,
    "height_offset_change": 0.0798351287841797
  },
  "bin_stats_observed": {
    "planar_distance": 1.3060345687141761,
    "height_offset": 0.30572813749313354,
    "planar_distance_change": 1.2549688997851078,
    "height_offset_change": 0.25696414709091187
  },
  "_n_successful_rollouts": 30
}
