{
  "_schema_version": 3,
  "subtask": "pick",
  "target": "actor:010_potted_meat_can",
  "members": {
    "actor:010_potted_meat_can": {
      "roles": [
        "interacted"
      ],
      "interaction_types": [
        "contact",
        "grasp"
      ],
      "kind": "actor",
      "name": "obj_0",
      "interaction_rollouts": 27
    },
    "link:scs-[6,7]_fridge-0/body": {
      "roles": [
        "support"
      ],
      "interaction_types": [],
      "kind": "link",
      "name": "body",
      "support_rollouts": 9,
      "supports": [
        "actor:010_potted_meat_can"
      ]
    }
  },
  "bin_edges": {
    "grasp-compatibility": [
      0.3333333333333333,
      0.6666666666666666
    ],
    "contact-compatibility": [
      0.3333333333333333,
      0.6666666666666666
    ],
    "planar-distance": [
      0.15547948199838826,
      0.3109589639967765
    ],
    "height-offset": [
      -0.08689447244008382,
      0.08689447244008382
    ]
  },
  "bin_stats_robust": {
    "height_offset": 0.26068341732025146,
    "planar_distance": 0.4664384459951648
  },
  "bin_stats_observed": {
    "height_offset": 0.27559995651245117,
    "planar_distance": 0.6422245340947458
  },
  "compat_norm": {
    "pos": 0.1,
    "orient": 1.5707963267948966,
    "width": 0.04
  },
  "_n_successful_rollouts": 30
}