{
  "_schema_version": 4,
  "subtask": "pick",
  "target": "actor:009_gelatin_box",
  "members": {
    "actor:009_gelatin_box": {
      "roles": [
        "interacted"
      ],
      "interaction_types": [
        "contact",
        "grasp"
      ],
      "kind": "actor",
      "name": "obj_0",
      "interaction_rollouts": 30
    }
  },
  "bin_edges": {
    "grasp-compatibility": [
      0.3333333333333333,
      0.6666666666666666
    ],
    "contact-compatibility": [
      0.3333333333333333,
      0.6666666666666666
    ],
    "support-compatibility": [
      0.3333333333333333,
      0.6666666666666666
    ],
    "contain-compatibility": [
      0.3333333333333333,
      0.6666666666666666
    ],
    "planar-distance": [
      0.20713033188836885,
      0.4142606637767377
    ],
    "height-offset": [
      -0.10012736121813458,
      0.10012736121813458
    ],
    "planar-distance-change": [
      -0.5164569999894948,
      -0.17215233332983162,
      0.17215233332983162,
      0.5164569999894948
    ],
    "height-offset-change": [
      -0.20183018803596492,
      -0.06727672934532165,
      0.06727672934532165,
      0.20183018803596492
    ]
  },
  "bin_stats_robust": {
    "planar_distance": 0.6213909956651066,
    "height_offset": 0.3003820836544037,
    "planar_distance_change": 0.8607616666491581,
    "height_offset_change": 0.33638364672660825
  },
  "bin_stats_observed": {
    "planar_distance": 1.361899828970125,
    "height_offset": 0.39170390367507935,
    "planar_distance_change": 1.3564035018774898,
    "height_offset_change": 0.37733739614486694
  },
  "_n_successful_rollouts": 30
}