{
  "_schema_version": 3,
  "subtask": "pick",
  "target": "actor:024_bowl",
  "members": {
    "actor:024_bowl": {
      "roles": [
        "interacted"
      ],
      "interaction_types": [
        "contact",
        "grasp"
      ],
      "kind": "actor",
      "name": "obj_0",
      "interaction_rollouts": 25
    },
    "link:scs-[2,3]_fridge-0/body": {
      "roles": [
        "support"
      ],
      "interaction_types": [],
      "kind": "link",
      "name": "body",
      "support_rollouts": 5,
      "supports": [
        "actor:024_bowl"
      ]
    }
  },
  "bin_edges": {
    "grasp-compatibility": [
      0.3333333333333333,
      0.6666666666666666
    ],
    "contact-compatibility": [
      0.3333333333333333,
      0.6666666666666666
    ],
    "planar-distance": [
      0.16900980873180438,
      0.33801961746360876
    ],
    "height-offset": [
      -0.08255743185679118,
      0.08255743185679118
    ]
  },
  "bin_stats_robust": {
    "height_offset": 0.24767229557037354,
    "planar_distance": 0.5070294261954131
  },
  "bin_stats_observed": {
    "height_offset": 0.2746882438659668,
    "planar_distance": 0.7381604938913707
  },
  "compat_norm": {
    "pos": 0.1,
    "orient": 1.5707963267948966,
    "width": 0.04
  },
  "_n_successful_rollouts": 30
}