{
  "_schema_version": 4,
  "subtask": "pick",
  "target": "actor:009_gelatin_box",
  "members": {
    "actor:009_gelatin_box": {
      "roles": [
        "interacted"
      ],
      "interaction_types": [
        "contact",
        "grasp"
      ],
      "kind": "actor",
      "name": "obj_0",
      "interaction_rollouts": 30
    }
  },
  "bin_edges": {
    "grasp-compatibility": [
      0.3333333333333333,
      0.6666666666666666
    ],
    "contact-compatibility": [
      0.3333333333333333,
      0.6666666666666666
    ],
    "support-compatibility": [
      0.3333333333333333,
      0.6666666666666666
    ],
    "contain-compatibility": [
      0.3333333333333333,
      0.6666666666666666
    ],
    "planar-distance": [
      0.2197621730875471,
      0.4395243461750942
    ],
    "height-offset": [
      -0.09149187803268433,
      0.09149187803268433
    ],
    "planar-distance-change": [
      -0.5121476883837917,
      -0.17071589612793053,
      0.17071589612793053,
      0.5121476883837917
    ],
    "height-offset-change": [
      -0.1845249617099762,
      -0.06150832056999207,
      0.06150832056999207,
      0.1845249617099762
    ]
  },
  "bin_stats_robust": {
    "planar_distance": 0.6592865192626414,
    "height_offset": 0.274475634098053,
    "planar_distance_change": 0.8535794806396526,
    "height_offset_change": 0.30754160284996035
  },
  "bin_stats_observed": {
    "planar_distance": 1.361899828970125,
    "height_offset": 0.370361328125,
    "planar_distance_change": 1.3583518589836865,
    "height_offset_change": 0.34590983390808105
  },
  "_n_successful_rollouts": 30
}