{
  "_schema_version": 3,
  "subtask": "pick",
  "target": "actor:005_tomato_soup_can",
  "members": {
    "actor:005_tomato_soup_can": {
      "roles": [
        "interacted"
      ],
      "interaction_types": [
        "contact",
        "grasp"
      ],
      "kind": "actor",
      "name": "obj_0",
      "interaction_rollouts": 25
    }
  },
  "bin_edges": {
    "grasp-compatibility": [
      0.3333333333333333,
      0.6666666666666666
    ],
    "contact-compatibility": [
      0.3333333333333333,
      0.6666666666666666
    ],
    "planar-distance": [
      0.011918685599346737,
      0.023837371198693474
    ],
    "height-offset": [
      -0.015058755874633789,
      0.015058755874633789
    ]
  },
  "bin_stats_robust": {
    "height_offset": 0.04517626762390137,
    "planar_distance": 0.03575605679804021
  },
  "bin_stats_observed": {
    "height_offset": 0.05224049091339111,
    "planar_distance": 0.04370845440844957
  },
  "compat_norm": {
    "pos": 0.1,
    "orient": 1.5707963267948966,
    "width": 0.04
  },
  "_n_successful_rollouts": 30
}