{
  "_schema_version": 4,
  "subtask": "pick",
  "target": "actor:002_master_chef_can",
  "members": {
    "actor:002_master_chef_can": {
      "roles": [
        "interacted"
      ],
      "interaction_types": [
        "contact",
        "grasp"
      ],
      "kind": "actor",
      "name": "obj_0",
      "interaction_rollouts": 24
    }
  },
  "bin_edges": {
    "grasp-compatibility": [
      0.3333333333333333,
      0.6666666666666666
    ],
    "contact-compatibility": [
      0.3333333333333333,
      0.6666666666666666
    ],
    "support-compatibility": [
      0.3333333333333333,
      0.6666666666666666
    ],
    "contain-compatibility": [
      0.3333333333333333,
      0.6666666666666666
    ],
    "planar-distance": [
      0.010430538106037376,
      0.020861076212074753
    ],
    "height-offset": [
      -0.01580541928609212,
      0.01580541928609212
    ]
  },
  "bin_stats_robust": {
    "planar_distance": 0.03129161431811213,
    "height_offset": 0.04741625785827636
  },
  "bin_stats_observed": {
    "planar_distance": 0.03874389945570558,
    "height_offset": 0.05030834674835205
  },
  "_n_successful_rollouts": 30
}