{
  "_schema_version": 4,
  "subtask": "pick",
  "target": "actor:007_tuna_fish_can",
  "members": {
    "actor:007_tuna_fish_can": {
      "roles": [
        "interacted"
      ],
      "interaction_types": [
        "contact",
        "grasp",
        "support"
      ],
      "kind": "actor",
      "name": "obj_0",
      "interaction_rollouts": 26
    },
    "link:fridge-0/body": {
      "roles": [
        "support"
      ],
      "interaction_types": [
        "support"
      ],
      "kind": "link",
      "name": "body",
      "support_rollouts": 2,
      "supports": [
        "actor:007_tuna_fish_can"
      ]
    }
  },
  "bin_edges": {
    "grasp-compatibility": [
      0.3333333333333333,
      0.6666666666666666
    ],
    "contact-compatibility": [
      0.3333333333333333,
      0.6666666666666666
    ],
    "support-compatibility": [
      0.3333333333333333,
      0.6666666666666666
    ],
    "contain-compatibility": [
      0.3333333333333333,
      0.6666666666666666
    ],
    "planar-distance": [
      0.008375958120270892,
      0.016751916240541783
    ],
    "height-offset": [
      -0.011316251754760745,
      0.011316251754760745
    ]
  },
  "bin_stats_robust": {
    "planar_distance": 0.025127874360812673,
    "height_offset": 0.03394875526428223
  },
  "bin_stats_observed": {
    "planar_distance": 0.39513142613676233,
    "height_offset": 0.27776145935058594
  },
  "_n_successful_rollouts": 30
}