{
  "_schema_version": 3,
  "subtask": "pick",
  "target": "actor:003_cracker_box",
  "members": {
    "actor:003_cracker_box": {
      "roles": [
        "interacted"
      ],
      "interaction_types": [
        "contact",
        "grasp"
      ],
      "kind": "actor",
      "name": "obj_0",
      "interaction_rollouts": 26
    }
  },
  "bin_edges": {
    "grasp-compatibility": [
      0.3333333333333333,
      0.6666666666666666
    ],
    "contact-compatibility": [
      0.3333333333333333,
      0.6666666666666666
    ],
    "planar-distance": [
      3.9126125805935046,
      7.825225161187009
    ],
    "height-offset": [
      -0.4374360243479411,
      0.4374360243479411
    ]
  },
  "bin_stats_observed": {
    "planar_distance": 11.737837741780513,
    "height_offset": 1.3123080730438232
  },
  "compat_norm": {
    "pos": 0.1,
    "orient": 1.5707963267948966,
    "width": 0.04
  },
  "_n_successful_rollouts": 30
}