{
  "_schema_version": 4,
  "subtask": "pick",
  "target": "actor:007_tuna_fish_can",
  "members": {
    "actor:007_tuna_fish_can": {
      "roles": [
        "interacted"
      ],
      "interaction_types": [
        "contact",
        "grasp"
      ],
      "kind": "actor",
      "name": "obj_0",
      "interaction_rollouts": 30
    }
  },
  "bin_edges": {
    "grasp-compatibility": [
      0.3333333333333333,
      0.6666666666666666
    ],
    "contact-compatibility": [
      0.3333333333333333,
      0.6666666666666666
    ],
    "support-compatibility": [
      0.3333333333333333,
      0.6666666666666666
    ],
    "contain-compatibility": [
      0.3333333333333333,
      0.6666666666666666
    ],
    "planar-distance": [
      0.14580017385743577,
      0.29160034771487153,
      0.43740052157230724,
      0.5832006954297431
    ],
    "height-offset": [
      -0.037887868881225625,
      -0.012629289627075208,
      0.012629289627075208,
      0.037887868881225625
    ],
    "planar-distance-change": [
      -0.5599917561714697,
      -0.0933319593619116,
      0.0933319593619116,
      0.5599917561714697
    ],
    "height-offset-change": [
      -0.058221116065979,
      -0.009703519344329834,
      0.009703519344329834,
      0.058221116065979
    ]
  },
  "bin_stats_robust": {
    "planar_distance": 0.7290008692871788,
    "height_offset": 0.06314644813537604,
    "planar_distance_change": 0.9333195936191161,
    "height_offset_change": 0.09703519344329835
  },
  "bin_stats_observed": {
    "planar_distance": 1.3198766179420403,
    "height_offset": 0.15908050537109375,
    "planar_distance_change": 1.2857070890757814,
    "height_offset_change": 0.16448736190795898
  },
  "_n_successful_rollouts": 30
}
