{
  "_schema_version": 4,
  "subtask": "pick",
  "target": "actor:004_sugar_box",
  "members": {
    "actor:004_sugar_box": {
      "roles": [
        "interacted"
      ],
      "interaction_types": [
        "contact",
        "grasp"
      ],
      "kind": "actor",
      "name": "obj_0",
      "interaction_rollouts": 25
    }
  },
  "bin_edges": {
    "grasp-compatibility": [
      0.3333333333333333,
      0.6666666666666666
    ],
    "contact-compatibility": [
      0.3333333333333333,
      0.6666666666666666
    ],
    "support-compatibility": [
      0.3333333333333333,
      0.6666666666666666
    ],
    "contain-compatibility": [
      0.3333333333333333,
      0.6666666666666666
    ],
    "planar-distance": [
      0.023376055885822592,
      0.046752111771645184
    ],
    "height-offset": [
      -0.02014958063761393,
      0.02014958063761393
    ]
  },
  "bin_stats_robust": {
    "planar_distance": 0.07012816765746778,
    "height_offset": 0.060448741912841795
  },
  "bin_stats_observed": {
    "planar_distance": 0.07819229644094411,
    "height_offset": 0.08746170997619629
  },
  "_n_successful_rollouts": 30
}