{
  "_schema_version": 3,
  "subtask": "pick",
  "target": "actor:003_cracker_box",
  "members": {
    "actor:003_cracker_box": {
      "roles": [
        "interacted"
      ],
      "interaction_types": [
        "contact",
        "grasp"
      ],
      "kind": "actor",
      "name": "obj_0",
      "interaction_rollouts": 22
    },
    "actor:004_sugar_box": {
      "roles": [
        "support"
      ],
      "interaction_types": [],
      "kind": "actor",
      "name": "env-2_004_sugar_box-0",
      "support_rollouts": 2,
      "supports": [
        "actor:003_cracker_box"
      ]
    }
  },
  "bin_edges": {
    "grasp-compatibility": [
      0.3333333333333333,
      0.6666666666666666
    ],
    "contact-compatibility": [
      0.3333333333333333,
      0.6666666666666666
    ],
    "planar-distance": [
      0.039239401367076994,
      0.07847880273415399
    ],
    "height-offset": [
      -0.03593728542327881,
      0.03593728542327881
    ]
  },
  "bin_stats_robust": {
    "height_offset": 0.10781185626983643,
    "planar_distance": 0.11771820410123099
  },
  "bin_stats_observed": {
    "height_offset": 0.4618796706199646,
    "planar_distance": 0.6705152314167976
  },
  "compat_norm": {
    "pos": 0.1,
    "orient": 1.5707963267948966,
    "width": 0.04
  },
  "_n_successful_rollouts": 30
}