{
  "_schema_version": 4,
  "subtask": "pick",
  "target": "actor:008_pudding_box",
  "members": {
    "actor:008_pudding_box": {
      "roles": [
        "interacted"
      ],
      "interaction_types": [
        "contact",
        "grasp",
        "support"
      ],
      "kind": "actor",
      "name": "obj_0",
      "interaction_rollouts": 18
    },
    "actor:scs-[7]_frl_apartment_wall_cabinet_01": {
      "roles": [
        "support"
      ],
      "interaction_types": [
        "support"
      ],
      "kind": "actor",
      "name": "scs-[7]_frl_apartment_wall_cabinet_01-1",
      "support_rollouts": 1,
      "supports": [
        "actor:008_pudding_box"
      ]
    }
  },
  "bin_edges": {
    "grasp-compatibility": [
      0.3333333333333333,
      0.6666666666666666
    ],
    "contact-compatibility": [
      0.3333333333333333,
      0.6666666666666666
    ],
    "support-compatibility": [
      0.3333333333333333,
      0.6666666666666666
    ],
    "contain-compatibility": [
      0.3333333333333333,
      0.6666666666666666
    ],
    "planar-distance": [
      0.011907173503433855,
      0.02381434700686771
    ],
    "height-offset": [
      -0.01212873458862304,
      0.01212873458862304
    ]
  },
  "bin_stats_robust": {
    "planar_distance": 0.035721520510301565,
    "height_offset": 0.03638620376586912
  },
  "bin_stats_observed": {
    "planar_distance": 0.3776726163274814,
    "height_offset": 0.22020947933197021
  },
  "_n_successful_rollouts": 30
}