{
  "_schema_version": 4,
  "subtask": "pick",
  "target": "actor:003_cracker_box",
  "members": {
    "actor:003_cracker_box": {
      "roles": [
        "interacted"
      ],
      "interaction_types": [
        "contact",
        "grasp"
      ],
      "kind": "actor",
      "name": "obj_0",
      "interaction_rollouts": 25
    }
  },
  "bin_edges": {
    "grasp-compatibility": [
      0.3333333333333333,
      0.6666666666666666
    ],
    "contact-compatibility": [
      0.3333333333333333,
      0.6666666666666666
    ],
    "support-compatibility": [
      0.3333333333333333,
      0.6666666666666666
    ],
    "contain-compatibility": [
      0.3333333333333333,
      0.6666666666666666
    ],
    "planar-distance": [
      0.03801720495573275,
      0.0760344099114655
    ],
    "height-offset": [
      -0.03218843142191569,
      0.03218843142191569
    ]
  },
  "bin_stats_robust": {
    "planar_distance": 0.11405161486719825,
    "height_offset": 0.09656529426574707
  },
  "bin_stats_observed": {
    "planar_distance": 0.11893437749713351,
    "height_offset": 0.11780107021331787
  },
  "_n_successful_rollouts": 30
}